{
  "Calibrate POCT Device" : {
    "transaction" : "Calibrate POCT Device",
    "sampleCount" : 10,
    "errorCount" : 0,
    "errorPct" : 0.0,
    "meanResTime" : 15.3,
    "medianResTime" : 12.5,
    "minResTime" : 4.0,
    "maxResTime" : 51.0,
    "pct1ResTime" : 48.10000000000001,
    "pct2ResTime" : 51.0,
    "pct3ResTime" : 51.0,
    "throughput" : 2.567394094993581,
    "receivedKBytesPerSec" : 0.6869784980744544,
    "sentKBytesPerSec" : 0.5942113286264441
  },
  "Total" : {
    "transaction" : "Total",
    "sampleCount" : 30,
    "errorCount" : 0,
    "errorPct" : 0.0,
    "meanResTime" : 27.499999999999993,
    "medianResTime" : 8.0,
    "minResTime" : 4.0,
    "maxResTime" : 185.0,
    "pct1ResTime" : 150.00000000000023,
    "pct2ResTime" : 172.35,
    "pct3ResTime" : 185.0,
    "throughput" : 7.372818874416319,
    "receivedKBytesPerSec" : 2.148005498894077,
    "sentKBytesPerSec" : 1.2960033177684935
  },
  "Get Hemostasis Device Results" : {
    "transaction" : "Get Hemostasis Device Results",
    "sampleCount" : 10,
    "errorCount" : 0,
    "errorPct" : 0.0,
    "meanResTime" : 37.7,
    "medianResTime" : 7.0,
    "minResTime" : 4.0,
    "maxResTime" : 162.0,
    "pct1ResTime" : 161.9,
    "pct2ResTime" : 162.0,
    "pct3ResTime" : 162.0,
    "throughput" : 2.5201612903225805,
    "receivedKBytesPerSec" : 0.7875504032258065,
    "sentKBytesPerSec" : 0.3790086315524194
  },
  "Get POCT Device Results" : {
    "transaction" : "Get POCT Device Results",
    "sampleCount" : 10,
    "errorCount" : 0,
    "errorPct" : 0.0,
    "meanResTime" : 29.500000000000004,
    "medianResTime" : 8.0,
    "minResTime" : 6.0,
    "maxResTime" : 185.0,
    "pct1ResTime" : 171.20000000000005,
    "pct2ResTime" : 185.0,
    "pct3ResTime" : 185.0,
    "throughput" : 2.4606299212598426,
    "receivedKBytesPerSec" : 0.7232906311515748,
    "sentKBytesPerSec" : 0.3580408772145669
  }
}