{
  "Calibrate POCT Device" : {
    "transaction" : "Calibrate POCT Device",
    "sampleCount" : 10,
    "errorCount" : 0,
    "errorPct" : 0.0,
    "meanResTime" : 15.500000000000002,
    "medianResTime" : 14.0,
    "minResTime" : 4.0,
    "maxResTime" : 28.0,
    "pct1ResTime" : 27.9,
    "pct2ResTime" : 28.0,
    "pct3ResTime" : 28.0,
    "throughput" : 2.5361399949277197,
    "receivedKBytesPerSec" : 0.6786155845802688,
    "sentKBytesPerSec" : 0.5869777136697946
  },
  "Total" : {
    "transaction" : "Total",
    "sampleCount" : 30,
    "errorCount" : 0,
    "errorPct" : 0.0,
    "meanResTime" : 21.166666666666664,
    "medianResTime" : 11.0,
    "minResTime" : 4.0,
    "maxResTime" : 133.0,
    "pct1ResTime" : 53.20000000000006,
    "pct2ResTime" : 128.6,
    "pct3ResTime" : 133.0,
    "throughput" : 7.336757153338224,
    "receivedKBytesPerSec" : 2.137499235754463,
    "sentKBytesPerSec" : 1.2896643433602346
  },
  "Get Hemostasis Device Results" : {
    "transaction" : "Get Hemostasis Device Results",
    "sampleCount" : 10,
    "errorCount" : 0,
    "errorPct" : 0.0,
    "meanResTime" : 25.0,
    "medianResTime" : 10.0,
    "minResTime" : 4.0,
    "maxResTime" : 125.0,
    "pct1ResTime" : 118.10000000000002,
    "pct2ResTime" : 125.0,
    "pct3ResTime" : 125.0,
    "throughput" : 2.4691358024691357,
    "receivedKBytesPerSec" : 0.7716049382716049,
    "sentKBytesPerSec" : 0.3713348765432099
  },
  "Get POCT Device Results" : {
    "transaction" : "Get POCT Device Results",
    "sampleCount" : 10,
    "errorCount" : 0,
    "errorPct" : 0.0,
    "meanResTime" : 23.0,
    "medianResTime" : 9.5,
    "minResTime" : 5.0,
    "maxResTime" : 133.0,
    "pct1ResTime" : 122.20000000000005,
    "pct2ResTime" : 133.0,
    "pct3ResTime" : 133.0,
    "throughput" : 2.450980392156863,
    "receivedKBytesPerSec" : 0.7204541973039216,
    "sentKBytesPerSec" : 0.35663679534313725
  }
}